<?xml version="1.0" encoding="UTF-8"?>
<project-private xmlns="http://www.netbeans.org/ns/project-private/1">
    <editor-bookmarks xmlns="http://www.netbeans.org/ns/editor-bookmarks/2" lastBookmarkId="0"/>
    <open-files xmlns="http://www.netbeans.org/ns/projectui-open-files/2">
        <group>
            <file>file:/C:/Users/lenovo/Documents/NetBeansProjects/WebApplication4/web/display.html</file>
            <file>file:/C:/Users/lenovo/Documents/NetBeansProjects/WebApplication4/web/addEmployee.html</file>
            <file>file:/C:/Users/lenovo/Documents/NetBeansProjects/WebApplication4/src/java/NewServlet.java</file>
            <file>file:/C:/Users/lenovo/Documents/NetBeansProjects/WebApplication4/web/applyleave.html</file>
            <file>file:/C:/Users/lenovo/Documents/NetBeansProjects/WebApplication4/src/java/displayall.java</file>
            <file>file:/C:/Users/lenovo/Documents/NetBeansProjects/WebApplication4/web/login.html</file>
            <file>file:/C:/Users/lenovo/Documents/NetBeansProjects/WebApplication4/web/search.html</file>
            <file>file:/C:/Users/lenovo/Documents/NetBeansProjects/WebApplication4/src/java/addemp.java</file>
            <file>file:/C:/Users/lenovo/Documents/NetBeansProjects/WebApplication4/src/java/Search.java</file>
            <file>file:/C:/Users/lenovo/Documents/NetBeansProjects/WebApplication4/web/changepassword.html</file>
            <file>file:/C:/Users/lenovo/Documents/NetBeansProjects/WebApplication4/web/admin.html</file>
            <file>file:/C:/Users/lenovo/Documents/NetBeansProjects/WebApplication4/web/user.html</file>
            <file>file:/C:/Users/lenovo/Documents/NetBeansProjects/WebApplication4/src/java/as.java</file>
            <file>file:/C:/Users/lenovo/Documents/NetBeansProjects/WebApplication4/src/java/logout1.java</file>
            <file>file:/C:/Users/lenovo/Documents/NetBeansProjects/WebApplication4/src/java/usersearch1.java</file>
            <file>file:/C:/Users/lenovo/Documents/NetBeansProjects/WebApplication4/src/java/applyleave.java</file>
            <file>file:/C:/Users/lenovo/Documents/NetBeansProjects/WebApplication4/web/index.html</file>
            <file>file:/C:/Users/lenovo/Documents/NetBeansProjects/WebApplication4/src/java/cp.java</file>
            <file>file:/C:/Users/lenovo/Documents/NetBeansProjects/WebApplication4/web/adminsearch.html</file>
            <file>file:/C:/Users/lenovo/Documents/NetBeansProjects/WebApplication4/src/java/leavestatus.java</file>
        </group>
    </open-files>
</project-private>
